edge_id,active,usable_for_control,evidence_s,reason,run_id,sim_time_s
edge.market,False,True,0,normal,run.fixture.fixed.300,0
edge.market,False,True,0,normal,run.fixture.fixed.300,5
edge.market,False,True,0,normal,run.fixture.fixed.300,10
edge.market,False,True,0,normal,run.fixture.fixed.300,15
edge.market,False,True,0,normal,run.fixture.fixed.300,20
edge.market,False,True,0,normal,run.fixture.fixed.300,25
edge.market,False,True,0,normal,run.fixture.fixed.300,30
edge.market,False,True,0,normal,run.fixture.fixed.300,35
edge.market,False,True,0,normal,run.fixture.fixed.300,40
edge.market,False,True,0,normal,run.fixture.fixed.300,45
edge.market,False,True,0,normal,run.fixture.fixed.300,50
edge.market,False,True,0,normal,run.fixture.fixed.300,55
edge.market,False,True,0,normal,run.fixture.fixed.300,60
edge.market,False,True,0,normal,run.fixture.fixed.300,65
edge.market,False,True,0,normal,run.fixture.fixed.300,70
edge.market,False,True,0,normal,run.fixture.fixed.300,75
edge.market,False,True,0,normal,run.fixture.fixed.300,80
edge.market,False,True,0,normal,run.fixture.fixed.300,85
edge.market,False,True,0,normal,run.fixture.fixed.300,90
edge.market,False,True,0,normal,run.fixture.fixed.300,95
edge.market,False,True,0,normal,run.fixture.fixed.300,100
edge.market,False,True,0,normal,run.fixture.fixed.300,105
edge.market,False,True,0,normal,run.fixture.fixed.300,110
edge.market,False,True,0,normal,run.fixture.fixed.300,115
edge.market,False,True,0,normal,run.fixture.fixed.300,120
edge.market,False,True,0,normal,run.fixture.fixed.300,125
edge.market,False,True,0,normal,run.fixture.fixed.300,130
edge.market,False,True,0,normal,run.fixture.fixed.300,135
edge.market,False,True,0,normal,run.fixture.fixed.300,140
edge.market,False,True,0,normal,run.fixture.fixed.300,145
edge.market,False,True,0,normal,run.fixture.fixed.300,150
edge.market,False,True,0,normal,run.fixture.fixed.300,155
edge.market,False,True,0,normal,run.fixture.fixed.300,160
edge.market,False,True,0,normal,run.fixture.fixed.300,165
edge.market,False,True,0,normal,run.fixture.fixed.300,170
edge.market,False,True,0,normal,run.fixture.fixed.300,175
edge.market,False,True,0,normal,run.fixture.fixed.300,180
edge.market,False,True,0,normal,run.fixture.fixed.300,185
edge.market,False,True,0,normal,run.fixture.fixed.300,190
edge.market,False,True,0,normal,run.fixture.fixed.300,195
edge.market,False,True,0,normal,run.fixture.fixed.300,200
edge.market,False,True,0,normal,run.fixture.fixed.300,205
edge.market,False,True,0,normal,run.fixture.fixed.300,210
edge.market,False,True,0,normal,run.fixture.fixed.300,215
edge.market,False,True,0,normal,run.fixture.fixed.300,220
edge.market,False,True,0,normal,run.fixture.fixed.300,225
edge.market,False,True,0,normal,run.fixture.fixed.300,230
edge.market,False,True,0,normal,run.fixture.fixed.300,235
edge.market,False,True,0,normal,run.fixture.fixed.300,240
edge.market,False,True,0,normal,run.fixture.fixed.300,245
edge.market,False,True,0,normal,run.fixture.fixed.300,250
edge.market,False,True,0,normal,run.fixture.fixed.300,255
edge.market,False,True,0,normal,run.fixture.fixed.300,260
edge.market,False,True,0,normal,run.fixture.fixed.300,265
edge.market,False,True,0,normal,run.fixture.fixed.300,270
edge.market,False,True,0,normal,run.fixture.fixed.300,275
edge.market,False,True,0,normal,run.fixture.fixed.300,280
edge.market,False,True,0,normal,run.fixture.fixed.300,285
edge.market,False,True,0,normal,run.fixture.fixed.300,290
edge.market,False,True,0,normal,run.fixture.fixed.300,295
edge.market,False,True,0,normal,run.fixture.fixed.300,300
edge.market,False,True,0,normal,run.fixture.fixed.300,305
edge.market,False,True,0,normal,run.fixture.fixed.300,310
edge.market,False,False,0,insufficient_evidence,run.fixture.fixed.300,315
edge.market,False,False,0,insufficient_evidence,run.fixture.fixed.300,320
edge.market,False,False,0,insufficient_evidence,run.fixture.fixed.300,325
edge.market,False,False,0,insufficient_evidence,run.fixture.fixed.300,330
edge.market,False,False,0,insufficient_evidence,run.fixture.fixed.300,335
edge.market,False,False,0,insufficient_evidence,run.fixture.fixed.300,340
edge.market,False,False,0,insufficient_evidence,run.fixture.fixed.300,345
edge.market,False,False,0,insufficient_evidence,run.fixture.fixed.300,350
edge.market,False,True,0,waiting_for_serving_phase,run.fixture.fixed.300,355
edge.market,False,True,5,collecting_evidence,run.fixture.fixed.300,360
edge.market,False,True,10,collecting_evidence,run.fixture.fixed.300,365
edge.market,False,True,15,collecting_evidence,run.fixture.fixed.300,370
edge.market,False,True,20,collecting_evidence,run.fixture.fixed.300,375
edge.market,False,True,25,collecting_evidence,run.fixture.fixed.300,380
edge.market,True,True,30,persistent_congestion,run.fixture.fixed.300,385
edge.market,True,True,35,persistent_congestion,run.fixture.fixed.300,390
edge.market,True,True,40,persistent_congestion,run.fixture.fixed.300,395
edge.market,True,True,45,persistent_congestion,run.fixture.fixed.300,400
edge.market,True,True,50,persistent_congestion,run.fixture.fixed.300,405
edge.market,True,True,55,persistent_congestion,run.fixture.fixed.300,410
edge.market,True,True,60,persistent_congestion,run.fixture.fixed.300,415
edge.market,True,True,65,persistent_congestion,run.fixture.fixed.300,420
edge.market,True,True,70,persistent_congestion,run.fixture.fixed.300,425
edge.market,True,True,75,persistent_congestion,run.fixture.fixed.300,430
edge.market,True,True,80,persistent_congestion,run.fixture.fixed.300,435
edge.market,True,True,85,persistent_congestion,run.fixture.fixed.300,440
edge.market,True,True,0,recovering,run.fixture.fixed.300,445
edge.market,True,True,0,recovering,run.fixture.fixed.300,450
edge.market,True,True,0,recovering,run.fixture.fixed.300,455
edge.market,True,True,0,recovering,run.fixture.fixed.300,460
edge.market,True,True,0,recovering,run.fixture.fixed.300,465
edge.market,True,True,0,recovering,run.fixture.fixed.300,470
edge.market,True,True,0,recovering,run.fixture.fixed.300,475
edge.market,True,True,0,recovering,run.fixture.fixed.300,480
edge.market,True,True,0,recovering,run.fixture.fixed.300,485
edge.market,True,True,0,recovering,run.fixture.fixed.300,490
edge.market,True,True,0,recovering,run.fixture.fixed.300,495
edge.market,True,True,0,recovering,run.fixture.fixed.300,500
edge.market,True,True,0,recovering,run.fixture.fixed.300,505
edge.market,True,True,0,recovering,run.fixture.fixed.300,510
edge.market,True,True,0,recovering,run.fixture.fixed.300,515
edge.market,True,True,0,recovering,run.fixture.fixed.300,520
edge.market,True,True,0,recovering,run.fixture.fixed.300,525
edge.market,True,True,0,recovering,run.fixture.fixed.300,530
edge.market,True,True,0,recovering,run.fixture.fixed.300,535
edge.market,True,True,0,recovering,run.fixture.fixed.300,540
edge.market,True,True,0,recovering,run.fixture.fixed.300,545
edge.market,True,True,0,recovering,run.fixture.fixed.300,550
edge.market,False,True,0,normal,run.fixture.fixed.300,555
edge.market,False,True,0,normal,run.fixture.fixed.300,560
edge.market,False,True,0,normal,run.fixture.fixed.300,565
edge.market,False,True,0,normal,run.fixture.fixed.300,570
edge.market,False,True,0,normal,run.fixture.fixed.300,575
edge.market,False,True,0,normal,run.fixture.fixed.300,580
edge.market,False,True,0,normal,run.fixture.fixed.300,585
edge.market,False,True,0,normal,run.fixture.fixed.300,590
edge.market,False,True,0,normal,run.fixture.fixed.300,595
edge.market,False,True,0,normal,run.fixture.fixed.300,600
edge.market,False,True,0,normal,run.fixture.fixed.300,605
edge.market,False,True,0,normal,run.fixture.fixed.300,610
edge.market,False,True,0,normal,run.fixture.fixed.300,615
edge.market,False,True,0,normal,run.fixture.fixed.300,620
edge.market,False,True,0,normal,run.fixture.fixed.300,625
edge.market,False,True,0,normal,run.fixture.fixed.300,630
edge.market,False,True,0,normal,run.fixture.fixed.300,635
edge.market,False,True,0,normal,run.fixture.fixed.300,640
edge.market,False,True,0,normal,run.fixture.fixed.300,645
edge.market,False,True,0,normal,run.fixture.fixed.300,650
edge.market,False,True,0,normal,run.fixture.fixed.300,655
edge.market,False,True,0,normal,run.fixture.fixed.300,660
edge.market,False,True,0,normal,run.fixture.fixed.300,665
edge.market,False,True,0,normal,run.fixture.fixed.300,670
edge.market,False,True,0,normal,run.fixture.fixed.300,675
edge.market,False,True,0,normal,run.fixture.fixed.300,680
edge.market,False,True,0,normal,run.fixture.fixed.300,685
edge.market,False,True,0,normal,run.fixture.fixed.300,690
edge.market,False,True,0,normal,run.fixture.fixed.300,695
edge.market,False,True,0,normal,run.fixture.fixed.300,700
edge.market,False,True,0,normal,run.fixture.fixed.300,705
edge.market,False,True,0,normal,run.fixture.fixed.300,710
edge.market,False,True,0,normal,run.fixture.fixed.300,715
edge.market,False,True,0,normal,run.fixture.fixed.300,720
edge.market,False,True,0,normal,run.fixture.fixed.300,725
edge.market,False,True,0,normal,run.fixture.fixed.300,730
edge.market,False,True,0,normal,run.fixture.fixed.300,735
edge.market,False,True,0,normal,run.fixture.fixed.300,740
edge.market,False,True,0,normal,run.fixture.fixed.300,745
edge.market,False,True,0,normal,run.fixture.fixed.300,750
edge.market,False,True,0,normal,run.fixture.fixed.300,755
edge.market,False,True,0,normal,run.fixture.fixed.300,760
edge.market,False,True,0,normal,run.fixture.fixed.300,765
edge.market,False,True,0,normal,run.fixture.fixed.300,770
edge.market,False,True,0,normal,run.fixture.fixed.300,775
edge.market,False,True,0,normal,run.fixture.fixed.300,780
edge.market,False,True,0,normal,run.fixture.fixed.300,785
edge.market,False,True,0,normal,run.fixture.fixed.300,790
edge.market,False,True,0,normal,run.fixture.fixed.300,795
edge.market,False,True,0,normal,run.fixture.fixed.300,800
edge.market,False,True,0,normal,run.fixture.fixed.300,805
edge.market,False,True,0,normal,run.fixture.fixed.300,810
edge.market,False,True,0,normal,run.fixture.fixed.300,815
edge.market,False,True,0,normal,run.fixture.fixed.300,820
edge.market,False,True,0,normal,run.fixture.fixed.300,825
edge.market,False,True,0,normal,run.fixture.fixed.300,830
edge.market,False,True,0,normal,run.fixture.fixed.300,835
edge.market,False,True,0,normal,run.fixture.fixed.300,840
edge.market,False,True,0,normal,run.fixture.fixed.300,845
edge.market,False,True,0,normal,run.fixture.fixed.300,850
edge.market,False,True,0,normal,run.fixture.fixed.300,855
edge.market,False,True,0,normal,run.fixture.fixed.300,860
edge.market,False,True,0,normal,run.fixture.fixed.300,865
edge.market,False,True,0,normal,run.fixture.fixed.300,870
edge.market,False,True,0,normal,run.fixture.fixed.300,875
edge.market,False,True,0,normal,run.fixture.fixed.300,880
edge.market,False,True,0,normal,run.fixture.fixed.300,885
edge.market,False,True,0,normal,run.fixture.fixed.300,890
edge.market,False,True,0,normal,run.fixture.fixed.300,895
edge.market,False,True,0,normal,run.fixture.fixed.300,900
